guide_id,gene,sequence,efficiency_score,off_target_score,pam,chromosome,position
TP53_g1,TP53,GCACTTTGATGTCAACAGAT,0.87,0.12,NGG,chr17,7676520
TP53_g2,TP53,ACTTCCTGAAAACAACGTTC,0.81,0.18,NGG,chr17,7676154
TP53_g3,TP53,GTGTTTGTGCCTGTCCTGGG,0.78,0.22,NGG,chr17,7669609
TP53_g4,TP53,CCATTGTTCAATATCGTCCG,0.74,0.09,NGG,chr17,7668421
BRCA1_g1,BRCA1,CAGCTACAATTTGCTTTTAG,0.91,0.07,NGG,chr17,43094464
BRCA1_g2,BRCA1,ATGGCTTATCAGATCGAGTG,0.85,0.14,NGG,chr17,43091434
BRCA1_g3,BRCA1,TCAGAAATGAACAAACAGCT,0.79,0.21,NGG,chr17,43082434
BRCA1_g4,BRCA1,GCAGTTATCAAGCAGAGTTG,0.72,0.28,NGG,chr17,43071077
KRAS_g1,KRAS,GTAGTTGGAGCTGGTGGCGT,0.93,0.05,NGG,chr12,25245274
KRAS_g2,KRAS,TTGGAGCTGGTGGCGTAGGC,0.88,0.11,NGG,chr12,25245271
KRAS_g3,KRAS,GCAGGTCAAGAGGAGTACAG,0.82,0.15,NGG,chr12,25227277
KRAS_g4,KRAS,ATGACTGAATATAAACTTGT,0.76,0.19,NGG,chr12,25209915
EGFR_g1,EGFR,CATGGTGAGGGCTGAGGTGA,0.89,0.08,NGG,chr7,55191879
EGFR_g2,EGFR,GCAGAATCATCTTTGGCAGG,0.83,0.16,NGG,chr7,55173969
EGFR_g3,EGFR,TGATGGCCAGCGTGGACAAC,0.77,0.23,NGG,chr7,55152536
MYC_g1,MYC,GCCGTATTTCTACTGCGACG,0.86,0.10,NGG,chr8,127735434
MYC_g2,MYC,CGGGGATCTTGCTGGAGGAG,0.80,0.17,NGG,chr8,127742951
MYC_g3,MYC,ACGAGAATGTGAGGTCACAG,0.75,0.24,NGG,chr8,127746008
